game,game_time,minimum_total,minimum_odds,confidence,decision,elite_goalie_flag,goalie_warning,action,stake,reasoning,source_file,game_time_parsed,game_key,game_date,actual_total,result
Buffalo Sabres @ Colorado Avalanche,2025-11-13 21:10:00-05:00,3.5,-1300,78,YES,False,No elite goalie concerns,BET IT,0.03,Strong offense (3.33 GPG) | Fast pace (33.3 shots/game) | BUF cold | COL hot | Strong buffer (3.2 goals) | BUF 1 day rest | COL 2 days rest,2025-11-13_08-20_decisions.csv,2025-11-14 02:10:00+00:00,2025-11-14_Buffalo Sabres @ Colorado Avalanche,2025-11-14,,PENDING
New York Rangers @ Columbus Blue Jackets,2025-11-15 19:00:00-05:00,3.5,-900,76,YES,False,No elite goalie concerns,BET IT,0.03,Strong offense (3.23 GPG) | Fast pace (32.3 shots/game) | NYR neutral | CBJ neutral | Strong buffer (3.0 goals) | NYR 3 days rest | CBJ 2 days rest,2025-11-15_08-37_decisions.csv,2025-11-16 00:00:00+00:00,2025-11-16_New York Rangers @ Columbus Blue Jackets,2025-11-16,,PENDING
Edmonton Oilers @ Carolina Hurricanes,2025-11-15 19:00:00-05:00,3.5,-935,74,YES,False,No elite goalie concerns,BET IT,0.03,Strong offense (3.20 GPG) | Fast pace (32.0 shots/game) | EDM neutral | CAR neutral | Strong buffer (2.9 goals) | EDM 2 days rest | CAR 1 day rest,2025-11-15_08-37_decisions.csv,2025-11-16 00:00:00+00:00,2025-11-16_Edmonton Oilers @ Carolina Hurricanes,2025-11-16,,PENDING
Washington Capitals @ Carolina Hurricanes,2025-11-11 19:10:00-05:00,3.5,-825,73,YES,False,No elite goalie concerns,BET IT,0.03,Strong offense (3.38 GPG) | Fast pace (33.8 shots/game) | WSH cold | CAR neutral | Strong buffer (3.3 goals) | WSH 3 days rest | CAR 2 days rest,2025-11-11_11-47_decisions.csv,2025-11-12 00:10:00+00:00,2025-11-12_Washington Capitals @ Carolina Hurricanes,2025-11-12,,PENDING
New Jersey Devils @ Washington Capitals,2025-11-15 19:00:00-05:00,3.5,-675,73,YES,False,No elite goalie concerns,BET IT,0.03,Strong offense (3.23 GPG) | Fast pace (32.3 shots/game) | NJD neutral | WSH cold | Strong buffer (3.0 goals) | NJD 3 days rest | WSH 2 days rest,2025-11-15_08-37_decisions.csv,2025-11-16 00:00:00+00:00,2025-11-16_New Jersey Devils @ Washington Capitals,2025-11-16,,PENDING
Tampa Bay Lightning @ Florida Panthers,2025-11-15 17:00:00-05:00,3.5,-725,73,YES,False,No elite goalie concerns,BET IT,0.03,Strong offense (3.33 GPG) | Fast pace (33.3 shots/game) | TBL cold | FLA neutral | Strong buffer (3.2 goals) | TBL 3 days rest | FLA 2 days rest,2025-11-15_08-37_decisions.csv,2025-11-15 22:00:00+00:00,2025-11-15_Tampa Bay Lightning @ Florida Panthers,2025-11-15,,PENDING
Los Angeles Kings @ Toronto Maple Leafs,2025-11-13 19:10:00-05:00,3.5,-825,71,YES,True,"Anthony Stolarz (TOR) - 92.2% Sv%, 2.15 GAA",BET IT (consider half stake - elite goalie),0.03,Strong offense (3.16 GPG) | Good pace (31.6 shots/game) | LAK neutral | TOR warm | Strong buffer (2.8 goals) | LAK 2 days rest | TOR 2 days rest,2025-11-13_08-47_decisions.csv,2025-11-14 00:10:00+00:00,2025-11-14_Los Angeles Kings @ Toronto Maple Leafs,2025-11-14,,PENDING
New York Rangers @ Tampa Bay Lightning,2025-11-12 19:10:00-05:00,3.5,-725,70,YES,False,No elite goalie concerns,BET IT,0.03,Strong offense (3.35 GPG) | Fast pace (33.5 shots/game) | NYR cold | TBL cold | Strong buffer (3.2 goals) | NYR 2 days rest | TBL 4 days rest,2025-11-12_08-50_decisions.csv,2025-11-13 00:10:00+00:00,2025-11-13_New York Rangers @ Tampa Bay Lightning,2025-11-13,,PENDING
Washington Capitals @ Florida Panthers,2025-11-13 19:10:00-05:00,3.5,-700,70,YES,False,No elite goalie concerns,BET IT,0.03,Strong offense (3.29 GPG) | Fast pace (32.9 shots/game) | WSH cold | FLA cold | Strong buffer (3.1 goals) | WSH 2 days rest | FLA 3 days rest,2025-11-13_08-20_decisions.csv,2025-11-14 00:10:00+00:00,2025-11-14_Washington Capitals @ Florida Panthers,2025-11-14,,PENDING
Anaheim Ducks @ Colorado Avalanche,2025-11-11 21:40:00-05:00,3.5,-1400,68,MAYBE,False,No elite goalie concerns,REVIEW MANUALLY,0.015,Average offense (3.04 GPG) | Good pace (30.4 shots/game) | ANA hot | COL warm | Strong buffer (2.6 goals) | ANA 2 days rest | COL 2 days rest,2025-11-11_11-47_decisions.csv,2025-11-12 02:40:00+00:00,2025-11-12_Anaheim Ducks @ Colorado Avalanche,2025-11-12,,PENDING
Dallas Stars @ Ottawa Senators,2025-11-11 19:10:00-05:00,3.5,-725,68,MAYBE,False,No elite goalie concerns,REVIEW MANUALLY,0.015,Strong offense (3.17 GPG) | Good pace (31.7 shots/game) | DAL cold | OTT warm | Strong buffer (2.8 goals) | DAL 2 days rest | OTT 2 days rest,2025-11-11_11-49_decisions.csv,2025-11-12 00:10:00+00:00,2025-11-12_Dallas Stars @ Ottawa Senators,2025-11-12,,PENDING
Dallas Stars @ Montréal Canadiens,2025-11-13 19:10:00-05:00,3.5,-725,68,YES,False,No elite goalie concerns,BET IT,0.03,Strong offense (3.18 GPG) | Good pace (31.8 shots/game) | DAL cold | MTL warm | Strong buffer (2.9 goals) | DAL 2 days rest | MTL 2 days rest,2025-11-13_08-47_decisions.csv,2025-11-14 00:10:00+00:00,2025-11-14_Dallas Stars @ Montréal Canadiens,2025-11-14,,PENDING
Edmonton Oilers @ Columbus Blue Jackets,2025-11-13 19:40:00-05:00,3.5,-1150,68,YES,False,No elite goalie concerns,BET IT,0.03,Strong offense (3.24 GPG) | Fast pace (32.4 shots/game) | EDM cold | CBJ cold | Strong buffer (3.0 goals) | EDM 1 day rest | CBJ 2 days rest,2025-11-13_08-20_decisions.csv,2025-11-14 00:40:00+00:00,2025-11-14_Edmonton Oilers @ Columbus Blue Jackets,2025-11-14,,PENDING
Philadelphia Flyers @ Dallas Stars,2025-11-15 20:00:00-05:00,3.5,-700,66,YES,False,No elite goalie concerns,BET IT,0.03,Strong offense (3.14 GPG) | Good pace (31.4 shots/game) | PHI neutral | DAL neutral | Strong buffer (2.8 goals) | PHI 1 day rest | DAL 2 days rest,2025-11-15_08-37_decisions.csv,2025-11-16 01:00:00+00:00,2025-11-16_Philadelphia Flyers @ Dallas Stars,2025-11-16,,PENDING
Winnipeg Jets @ Vancouver Canucks,2025-11-11 22:10:00-05:00,3.5,-775,65,MAYBE,False,No elite goalie concerns,REVIEW MANUALLY,0.015,Strong offense (3.13 GPG) | Good pace (31.3 shots/game) | WPG cold | VAN neutral | Strong buffer (2.8 goals) | WPG 2 days rest | VAN 2 days rest,2025-11-11_11-43_decisions.csv,2025-11-12 03:10:00+00:00,2025-11-12_Winnipeg Jets @ Vancouver Canucks,2025-11-12,,PENDING
Los Angeles Kings @ Ottawa Senators,2025-11-15 19:00:00-05:00,3.5,-600,65,YES,False,No elite goalie concerns,BET IT,0.03,Average offense (3.01 GPG) | Good pace (30.1 shots/game) | LAK neutral | OTT hot | Strong buffer (2.5 goals) | LAK 2 days rest | OTT 2 days rest,2025-11-15_08-37_decisions.csv,2025-11-16 00:00:00+00:00,2025-11-16_Los Angeles Kings @ Ottawa Senators,2025-11-16,,PENDING
Buffalo Sabres @ Utah Mammoth,2025-11-12 21:10:00-05:00,3.5,-1000,65,YES,False,No elite goalie concerns,BET IT,0.03,Strong offense (3.11 GPG) | Good pace (31.1 shots/game) | BUF cold | UTA neutral | Strong buffer (2.7 goals) | BUF 4 days rest | UTA 3 days rest,2025-11-12_08-45_decisions.csv,2025-11-13 02:10:00+00:00,2025-11-13_Buffalo Sabres @ Utah Mammoth,2025-11-13,,PENDING
Toronto Maple Leafs @ Chicago Blackhawks,2025-11-15 19:00:00-05:00,3.5,-935,64,NO,True,"Anthony Stolarz (TOR) - 92.2% Sv%, 2.15 GAA",SKIP,0.0,Average offense (3.01 GPG) | Good pace (30.1 shots/game) | TOR warm | CHI warm | Strong buffer (2.5 goals) | TOR 2 days rest | CHI 3 days rest,2025-11-15_08-37_decisions.csv,2025-11-16 00:00:00+00:00,2025-11-16_Toronto Maple Leafs @ Chicago Blackhawks,2025-11-16,,PENDING
Columbus Blue Jackets @ Seattle Kraken,2025-11-11 22:10:00-05:00,3.5,-900,63,NO,False,No elite goalie concerns,SKIP,0.0,Strong offense (3.17 GPG) | Good pace (31.7 shots/game) | CBJ neutral | SEA cold | Strong buffer (2.8 goals) | CBJ 1 day rest | SEA 2 days rest,2025-11-11_12-15_decisions.csv,2025-11-12 03:10:00+00:00,2025-11-12_Columbus Blue Jackets @ Seattle Kraken,2025-11-12,,PENDING
Winnipeg Jets @ Seattle Kraken,2025-11-13 22:10:00-05:00,3.5,-700,62,NO,False,No elite goalie concerns,SKIP,0.0,Strong offense (3.20 GPG) | Good pace (32.0 shots/game) | WPG cold | SEA cold | Strong buffer (2.9 goals) | WPG 2 days rest | SEA 2 days rest,2025-11-13_08-20_decisions.csv,2025-11-14 03:10:00+00:00,2025-11-14_Winnipeg Jets @ Seattle Kraken,2025-11-14,,PENDING
Boston Bruins @ Ottawa Senators,2025-11-13 19:10:00-05:00,3.5,-850,61,NO,False,No elite goalie concerns,SKIP,0.0,Average offense (2.84 GPG) | Average pace (28.4 shots/game) | BOS hot | OTT warm | Strong buffer (2.2 goals) | BOS 2 days rest | OTT 2 days rest,2025-11-13_08-20_decisions.csv,2025-11-14 00:10:00+00:00,2025-11-14_Boston Bruins @ Ottawa Senators,2025-11-14,,PENDING
Vancouver Canucks @ Carolina Hurricanes,2025-11-14 19:10:00-05:00,3.5,-1050,58,NO,False,No elite goalie concerns,SKIP,0.0,Average offense (3.06 GPG) | Good pace (30.6 shots/game) | VAN neutral | CAR neutral | Strong buffer (2.6 goals) | VAN 3 days rest | CAR 3 days rest,2025-11-14_08-55_decisions.csv,2025-11-15 00:10:00+00:00,2025-11-15_Vancouver Canucks @ Carolina Hurricanes,2025-11-15,,PENDING
Los Angeles Kings @ Montréal Canadiens,2025-11-11 19:10:00-05:00,3.5,-750,58,NO,False,No elite goalie concerns,SKIP,0.0,Average offense (3.02 GPG) | Good pace (30.2 shots/game) | LAK cold | MTL warm | Strong buffer (2.5 goals) | LAK 2 days rest | MTL 3 days rest,2025-11-11_11-43_decisions.csv,2025-11-12 00:10:00+00:00,2025-11-12_Los Angeles Kings @ Montréal Canadiens,2025-11-12,,PENDING
Edmonton Oilers @ Philadelphia Flyers,2025-11-12 19:40:00-05:00,3.5,-725,58,NO,False,No elite goalie concerns,SKIP,0.0,Average offense (3.03 GPG) | Good pace (30.3 shots/game) | EDM neutral | PHI neutral | Strong buffer (2.6 goals) | EDM 2 days rest | PHI 4 days rest,2025-11-12_08-50_decisions.csv,2025-11-13 00:40:00+00:00,2025-11-13_Edmonton Oilers @ Philadelphia Flyers,2025-11-13,,PENDING
Buffalo Sabres @ Detroit Red Wings,2025-11-15 19:00:00-05:00,3.5,-1050,55,NO,False,No elite goalie concerns,SKIP,0.0,Average offense (3.09 GPG) | Good pace (30.9 shots/game) | BUF cold | DET neutral | Strong buffer (2.7 goals) | BUF 2 days rest | DET 2 days rest,2025-11-15_08-37_decisions.csv,2025-11-16 00:00:00+00:00,2025-11-16_Buffalo Sabres @ Detroit Red Wings,2025-11-16,,PENDING
Toronto Maple Leafs @ Boston Bruins,2025-11-11 19:10:00-05:00,3.5,-975,54,NO,True,"Anthony Stolarz (TOR) - 92.2% Sv%, 2.15 GAA",SKIP,0.0,Average offense (2.99 GPG) | Average pace (29.9 shots/game) | TOR neutral | BOS warm | Strong buffer (2.5 goals) | TOR 2 days rest | BOS 3 days rest,2025-11-11_11-36_decisions.csv,2025-11-12 00:10:00+00:00,2025-11-12_Toronto Maple Leafs @ Boston Bruins,2025-11-12,,PENDING
Boston Bruins @ Montréal Canadiens,2025-11-15 19:00:00-05:00,3.5,-935,54,NO,False,No elite goalie concerns,SKIP,0.0,Average offense (2.85 GPG) | Average pace (28.5 shots/game) | BOS warm | MTL neutral | Strong buffer (2.2 goals) | BOS 2 days rest | MTL 2 days rest,2025-11-15_08-37_decisions.csv,2025-11-16 00:00:00+00:00,2025-11-16_Boston Bruins @ Montréal Canadiens,2025-11-16,,PENDING
New Jersey Devils @ Chicago Blackhawks,2025-11-12 21:40:00-05:00,3.5,-875,54,NO,False,No elite goalie concerns,SKIP,0.0,Average offense (2.85 GPG) | Average pace (28.5 shots/game) | NJD neutral | CHI warm | Strong buffer (2.2 goals) | NJD 2 days rest | CHI 3 days rest,2025-11-12_08-45_decisions.csv,2025-11-13 02:40:00+00:00,2025-11-13_New Jersey Devils @ Chicago Blackhawks,2025-11-13,,PENDING
Winnipeg Jets @ Calgary Flames,2025-11-15 22:00:00-05:00,3.5,-700,52,NO,False,No elite goalie concerns,SKIP,0.0,Average offense (3.06 GPG) | Good pace (30.6 shots/game) | WPG cold | CGY cold | Strong buffer (2.6 goals) | WPG 2 days rest | CGY 2 days rest,2025-11-15_08-37_decisions.csv,2025-11-16 03:00:00+00:00,2025-11-16_Winnipeg Jets @ Calgary Flames,2025-11-16,,PENDING
New York Islanders @ Utah Mammoth,2025-11-14 21:10:00-05:00,3.5,-1150,52,NO,False,No elite goalie concerns,SKIP,0.0,Average offense (2.84 GPG) | Average pace (28.4 shots/game) | NYI neutral | UTA warm | Strong buffer (2.2 goals) | NYI 1 day rest | UTA 2 days rest,2025-11-14_08-55_decisions.csv,2025-11-15 02:10:00+00:00,2025-11-15_New York Islanders @ Utah Mammoth,2025-11-15,,PENDING
Philadelphia Flyers @ St Louis Blues,2025-11-14 20:10:00-05:00,3.5,-630,52,NO,False,No elite goalie concerns,SKIP,0.0,Average offense (3.00 GPG) | Good pace (30.0 shots/game) | PHI cold | STL cold | Strong buffer (2.5 goals) | PHI 2 days rest | STL 3 days rest,2025-11-14_08-48_decisions.csv,2025-11-15 01:10:00+00:00,2025-11-15_Philadelphia Flyers @ St Louis Blues,2025-11-15,,PENDING
Calgary Flames @ St Louis Blues,2025-11-11 20:10:00-05:00,3.5,-725,45,NO,False,No elite goalie concerns,SKIP,0.0,Average offense (2.92 GPG) | Average pace (29.2 shots/game) | CGY cold | STL cold | Strong buffer (2.3 goals) | CGY 2 days rest | STL 3 days rest,2025-11-11_12-19_decisions.csv,2025-11-12 01:10:00+00:00,2025-11-12_Calgary Flames @ St Louis Blues,2025-11-12,,PENDING
Anaheim Ducks @ Detroit Red Wings,2025-11-13 19:10:00-05:00,3.5,-1150,35,NO,False,No elite goalie concerns,SKIP,0.0,Weak offense (2.80 GPG) | Slow pace (28.0 shots/game) | ANA hot | DET cold | Strong buffer (2.1 goals) | ANA 2 days rest | DET 4 days rest,2025-11-13_08-47_decisions.csv,2025-11-14 00:10:00+00:00,2025-11-14_Anaheim Ducks @ Detroit Red Wings,2025-11-14,,PENDING
Anaheim Ducks @ Minnesota Wild,2025-11-15 18:00:00-05:00,3.5,-1050,33,NO,False,No elite goalie concerns,SKIP,0.0,Weak offense (2.74 GPG) | Slow pace (27.4 shots/game) | ANA hot | MIN neutral | Good buffer (2.0 goals) | ANA 2 days rest | MIN 4 days rest,2025-11-15_08-37_decisions.csv,2025-11-15 23:00:00+00:00,2025-11-15_Anaheim Ducks @ Minnesota Wild,2025-11-15,,PENDING
San Jose Sharks @ Minnesota Wild,2025-11-11 20:10:00-05:00,3.5,-1200,33,NO,False,No elite goalie concerns,SKIP,0.0,Weak offense (2.67 GPG) | Slow pace (26.7 shots/game) | SJS hot | MIN neutral | Good buffer (1.8 goals) | SJS 3 days rest | MIN 2 days rest,2025-11-11_12-19_decisions.csv,2025-11-12 01:10:00+00:00,2025-11-12_San Jose Sharks @ Minnesota Wild,2025-11-12,,PENDING
Pittsburgh Penguins @ Nashville Predators,2025-11-14 14:15:00-05:00,3.5,-920,31,NO,False,No elite goalie concerns,SKIP,0.0,Weak offense (2.79 GPG) | Slow pace (27.9 shots/game) | PIT neutral | NSH neutral | Strong buffer (2.1 goals) | PIT 5 days rest | NSH 4 days rest,2025-11-14_08-55_decisions.csv,2025-11-14 19:15:00+00:00,2025-11-14_Pittsburgh Penguins @ Nashville Predators,2025-11-14,,PENDING
San Jose Sharks @ Seattle Kraken,2025-11-15 22:00:00-05:00,3.5,-825,31,NO,False,No elite goalie concerns,SKIP,0.0,Weak offense (2.79 GPG) | Slow pace (27.9 shots/game) | SJS warm | SEA cold | Strong buffer (2.1 goals) | SJS 2 days rest | SEA 2 days rest,2025-11-15_08-37_decisions.csv,2025-11-16 03:00:00+00:00,2025-11-16_San Jose Sharks @ Seattle Kraken,2025-11-16,,PENDING
San Jose Sharks @ Calgary Flames,2025-11-13 21:10:00-05:00,3.5,-900,26,NO,False,No elite goalie concerns,SKIP,0.0,Weak offense (2.65 GPG) | Slow pace (26.5 shots/game) | SJS warm | CGY cold | Good buffer (1.8 goals) | SJS 2 days rest | CGY 2 days rest,2025-11-13_08-47_decisions.csv,2025-11-14 02:10:00+00:00,2025-11-14_San Jose Sharks @ Calgary Flames,2025-11-14,,PENDING
New York Islanders @ Vegas Golden Knights,2025-11-13 22:10:00-05:00,3.5,-950,16,NO,True,"Akira Schmid (VGK) - 94.9% Sv%, 1.17 GAA",SKIP,0.0,Missing team stats | Missing team stats | NYI warm | VGK no stats | Missing team stats | NYI 3 days rest | VGK 3 days rest,2025-11-13_08-47_decisions.csv,2025-11-14 03:10:00+00:00,2025-11-14_New York Islanders @ Vegas Golden Knights,2025-11-14,,PENDING
Vegas Golden Knights @ St Louis Blues,2025-11-15 20:00:00-05:00,3.5,-750,8,NO,True,"Akira Schmid (VGK) - 94.9% Sv%, 1.17 GAA",SKIP,0.0,Missing team stats | Missing team stats | VGK no stats | STL cold | Missing team stats | VGK 2 days rest | STL 1 day rest,2025-11-15_08-37_decisions.csv,2025-11-16 01:00:00+00:00,2025-11-16_Vegas Golden Knights @ St Louis Blues,2025-11-16,,PENDING
