game,game_time,minimum_total,minimum_odds,confidence,decision,elite_goalie_flag,goalie_warning,action,stake,reasoning,game_time_parsed,game_key,game_date,actual_total,result
New York Rangers @ Colorado Avalanche,2025-11-20 21:10:00-05:00,3.5,-920,80,YES,False,No elite goalie concerns,BET IT,0.03,Strong offense (3.25 GPG) | Fast pace (32.5 shots/game) | NYR cold | COL hot | Strong buffer (3.0 goals) | NYR 2 days rest | COL 4 days rest,2025-11-21 02:10:00+00:00,2025-11-21_New York Rangers @ Colorado Avalanche,2025-11-21,9,WIN
Buffalo Sabres @ Colorado Avalanche,2025-11-13 21:10:00-05:00,3.5,-1300,78,YES,False,No elite goalie concerns,BET IT,0.03,Strong offense (3.33 GPG) | Fast pace (33.3 shots/game) | BUF cold | COL hot | Strong buffer (3.2 goals) | BUF 1 day rest | COL 2 days rest,2025-11-14 02:10:00+00:00,2025-11-14_Buffalo Sabres @ Colorado Avalanche,2025-11-14,9,WIN
New York Rangers @ Columbus Blue Jackets,2025-11-15 19:00:00-05:00,3.5,-900,76,YES,False,No elite goalie concerns,BET IT,0.03,Strong offense (3.23 GPG) | Fast pace (32.3 shots/game) | NYR neutral | CBJ neutral | Strong buffer (3.0 goals) | NYR 3 days rest | CBJ 2 days rest,2025-11-16 00:00:00+00:00,2025-11-16_New York Rangers @ Columbus Blue Jackets,2025-11-16,3,LOSS
Edmonton Oilers @ Carolina Hurricanes,2025-11-15 19:00:00-05:00,3.5,-935,74,YES,False,No elite goalie concerns,BET IT,0.03,Strong offense (3.20 GPG) | Fast pace (32.0 shots/game) | EDM neutral | CAR neutral | Strong buffer (2.9 goals) | EDM 2 days rest | CAR 1 day rest,2025-11-16 00:00:00+00:00,2025-11-16_Edmonton Oilers @ Carolina Hurricanes,2025-11-16,7,WIN
Tampa Bay Lightning @ Florida Panthers,2025-11-15 17:00:00-05:00,3.5,-725,73,YES,False,No elite goalie concerns,BET IT,0.03,Strong offense (3.33 GPG) | Fast pace (33.3 shots/game) | TBL cold | FLA neutral | Strong buffer (3.2 goals) | TBL 3 days rest | FLA 2 days rest,2025-11-15 22:00:00+00:00,2025-11-15_Tampa Bay Lightning @ Florida Panthers,2025-11-15,4,WIN
Washington Capitals @ Carolina Hurricanes,2025-11-11 19:10:00-05:00,3.5,-825,73,YES,False,No elite goalie concerns,BET IT,0.03,Strong offense (3.38 GPG) | Fast pace (33.8 shots/game) | WSH cold | CAR neutral | Strong buffer (3.3 goals) | WSH 3 days rest | CAR 2 days rest,2025-11-12 00:10:00+00:00,2025-11-12_Washington Capitals @ Carolina Hurricanes,2025-11-12,5,WIN
Columbus Blue Jackets @ Toronto Maple Leafs,2025-11-20 19:10:00-05:00,3.5,-1050,73,YES,True,"Anthony Stolarz (TOR) - 92.2% Sv%, 2.15 GAA",BET IT (consider half stake - elite goalie),0.03,Strong offense (3.30 GPG) | Fast pace (33.0 shots/game) | CBJ cold | TOR neutral | Strong buffer (3.1 goals) | CBJ 2 days rest | TOR 2 days rest,2025-11-21 00:10:00+00:00,2025-11-21_Columbus Blue Jackets @ Toronto Maple Leafs,2025-11-21,5,WIN
New Jersey Devils @ Washington Capitals,2025-11-15 19:00:00-05:00,3.5,-675,73,YES,False,No elite goalie concerns,BET IT,0.03,Strong offense (3.23 GPG) | Fast pace (32.3 shots/game) | NJD neutral | WSH cold | Strong buffer (3.0 goals) | NJD 3 days rest | WSH 2 days rest,2025-11-16 00:00:00+00:00,2025-11-16_New Jersey Devils @ Washington Capitals,2025-11-16,5,WIN
Edmonton Oilers @ Buffalo Sabres,2025-11-17 19:10:00-05:00,3.5,-1300,73,YES,False,No elite goalie concerns,BET IT,0.03,Strong offense (3.22 GPG) | Fast pace (32.2 shots/game) | EDM neutral | BUF cold | Strong buffer (2.9 goals) | EDM 2 days rest | BUF 2 days rest,2025-11-18 00:10:00+00:00,2025-11-18_Edmonton Oilers @ Buffalo Sabres,2025-11-18,6,WIN
New Jersey Devils @ Tampa Bay Lightning,2025-11-18 19:00:00-05:00,3.5,-800,71,YES,False,No elite goalie concerns,BET IT,0.03,Strong offense (3.27 GPG) | Fast pace (32.7 shots/game) | NJD neutral | TBL cold | Strong buffer (3.0 goals) | NJD 2 days rest | TBL 1 day rest,2025-11-19 00:00:00+00:00,2025-11-19_New Jersey Devils @ Tampa Bay Lightning,2025-11-19,6,WIN
Los Angeles Kings @ Toronto Maple Leafs,2025-11-13 19:10:00-05:00,3.5,-825,71,YES,True,"Anthony Stolarz (TOR) - 92.2% Sv%, 2.15 GAA",BET IT (consider half stake - elite goalie),0.03,Strong offense (3.16 GPG) | Good pace (31.6 shots/game) | LAK neutral | TOR warm | Strong buffer (2.8 goals) | LAK 2 days rest | TOR 2 days rest,2025-11-14 00:10:00+00:00,2025-11-14_Los Angeles Kings @ Toronto Maple Leafs,2025-11-14,7,WIN
Washington Capitals @ Montréal Canadiens,2025-11-20 19:10:00-05:00,3.5,-920,71,YES,False,No elite goalie concerns,BET IT,0.03,Strong offense (3.25 GPG) | Fast pace (32.5 shots/game) | WSH cold | MTL neutral | Strong buffer (3.0 goals) | WSH 1 day rest | MTL 3 days rest,2025-11-21 00:10:00+00:00,2025-11-21_Washington Capitals @ Montréal Canadiens,2025-11-21,12,WIN
Dallas Stars @ Vancouver Canucks,2025-11-20 22:10:00-05:00,3.5,-975,71,YES,False,No elite goalie concerns,BET IT,0.03,Strong offense (3.13 GPG) | Good pace (31.3 shots/game) | DAL neutral | VAN warm | Strong buffer (2.8 goals) | DAL 2 days rest | VAN 3 days rest,2025-11-21 03:10:00+00:00,2025-11-21_Dallas Stars @ Vancouver Canucks,2025-11-21,6,WIN
Vancouver Canucks @ Tampa Bay Lightning,2025-11-16 17:10:00-05:00,3.5,-1050,71,YES,False,No elite goalie concerns,BET IT,0.03,Strong offense (3.23 GPG) | Fast pace (32.3 shots/game) | VAN neutral | TBL cold | Strong buffer (3.0 goals) | VAN 2 days rest | TBL 1 day rest,2025-11-16 22:10:00+00:00,2025-11-16_Vancouver Canucks @ Tampa Bay Lightning,2025-11-16,8,WIN
Los Angeles Kings @ Washington Capitals,2025-11-17 19:10:00-05:00,3.5,-615,70,YES,False,No elite goalie concerns,BET IT,0.03,Strong offense (3.28 GPG) | Fast pace (32.8 shots/game) | LAK cold | WSH cold | Strong buffer (3.1 goals) | LAK 2 days rest | WSH 2 days rest,2025-11-18 00:10:00+00:00,2025-11-18_Los Angeles Kings @ Washington Capitals,2025-11-18,3,LOSS
New York Rangers @ Tampa Bay Lightning,2025-11-12 19:10:00-05:00,3.5,-725,70,YES,False,No elite goalie concerns,BET IT,0.03,Strong offense (3.35 GPG) | Fast pace (33.5 shots/game) | NYR cold | TBL cold | Strong buffer (3.2 goals) | NYR 2 days rest | TBL 4 days rest,2025-11-13 00:10:00+00:00,2025-11-13_New York Rangers @ Tampa Bay Lightning,2025-11-13,10,WIN
Washington Capitals @ Florida Panthers,2025-11-13 19:10:00-05:00,3.5,-700,70,YES,False,No elite goalie concerns,BET IT,0.03,Strong offense (3.29 GPG) | Fast pace (32.9 shots/game) | WSH cold | FLA cold | Strong buffer (3.1 goals) | WSH 2 days rest | FLA 3 days rest,2025-11-14 00:10:00+00:00,2025-11-14_Washington Capitals @ Florida Panthers,2025-11-14,9,WIN
Edmonton Oilers @ Washington Capitals,2025-11-19 19:00:00-05:00,3.5,-825,70,YES,False,No elite goalie concerns,BET IT,0.03,Strong offense (3.34 GPG) | Fast pace (33.4 shots/game) | EDM cold | WSH cold | Strong buffer (3.2 goals) | EDM 2 days rest | WSH 2 days rest,2025-11-20 00:00:00+00:00,2025-11-20_Edmonton Oilers @ Washington Capitals,2025-11-20,11,WIN
Edmonton Oilers @ Columbus Blue Jackets,2025-11-13 19:40:00-05:00,3.5,-1150,68,YES,False,No elite goalie concerns,BET IT,0.03,Strong offense (3.24 GPG) | Fast pace (32.4 shots/game) | EDM cold | CBJ cold | Strong buffer (3.0 goals) | EDM 1 day rest | CBJ 2 days rest,2025-11-14 00:40:00+00:00,2025-11-14_Edmonton Oilers @ Columbus Blue Jackets,2025-11-14,9,WIN
Anaheim Ducks @ Colorado Avalanche,2025-11-11 21:40:00-05:00,3.5,-1600,68,MAYBE,False,No elite goalie concerns,REVIEW MANUALLY,0.015,Average offense (3.04 GPG) | Good pace (30.4 shots/game) | ANA hot | COL warm | Strong buffer (2.6 goals) | ANA 2 days rest | COL 2 days rest,2025-11-12 02:40:00+00:00,2025-11-12_Anaheim Ducks @ Colorado Avalanche,2025-11-12,,PENDING
Dallas Stars @ Montréal Canadiens,2025-11-13 19:10:00-05:00,3.5,-750,68,YES,False,No elite goalie concerns,BET IT,0.03,Strong offense (3.18 GPG) | Good pace (31.8 shots/game) | DAL cold | MTL warm | Strong buffer (2.9 goals) | DAL 2 days rest | MTL 2 days rest,2025-11-14 00:10:00+00:00,2025-11-14_Dallas Stars @ Montréal Canadiens,2025-11-14,7,WIN
Dallas Stars @ Ottawa Senators,2025-11-11 19:10:00-05:00,3.5,-725,68,MAYBE,False,No elite goalie concerns,REVIEW MANUALLY,0.015,Strong offense (3.17 GPG) | Good pace (31.7 shots/game) | DAL cold | OTT warm | Strong buffer (2.8 goals) | DAL 2 days rest | OTT 2 days rest,2025-11-12 00:10:00+00:00,2025-11-12_Dallas Stars @ Ottawa Senators,2025-11-12,,PENDING
Edmonton Oilers @ Tampa Bay Lightning,2025-11-20 19:40:00-05:00,3.5,-920,68,YES,False,No elite goalie concerns,BET IT,0.03,Strong offense (3.37 GPG) | Fast pace (33.7 shots/game) | EDM cold | TBL cold | Strong buffer (3.2 goals) | EDM 1 day rest | TBL 2 days rest,2025-11-21 00:40:00+00:00,2025-11-21_Edmonton Oilers @ Tampa Bay Lightning,2025-11-21,3,LOSS
Philadelphia Flyers @ Dallas Stars,2025-11-15 20:00:00-05:00,3.5,-700,66,YES,False,No elite goalie concerns,BET IT,0.03,Strong offense (3.14 GPG) | Good pace (31.4 shots/game) | PHI neutral | DAL neutral | Strong buffer (2.8 goals) | PHI 1 day rest | DAL 2 days rest,2025-11-16 01:00:00+00:00,2025-11-16_Philadelphia Flyers @ Dallas Stars,2025-11-16,6,WIN
Montréal Canadiens @ Columbus Blue Jackets,2025-11-17 19:40:00-05:00,3.5,-950,65,YES,False,No elite goalie concerns,BET IT,0.03,Strong offense (3.16 GPG) | Good pace (31.6 shots/game) | MTL neutral | CBJ cold | Strong buffer (2.8 goals) | MTL 2 days rest | CBJ 2 days rest,2025-11-18 00:40:00+00:00,2025-11-18_Montréal Canadiens @ Columbus Blue Jackets,2025-11-18,7,WIN
Buffalo Sabres @ Utah Mammoth,2025-11-12 21:10:00-05:00,3.5,-1000,65,YES,False,No elite goalie concerns,BET IT,0.03,Strong offense (3.11 GPG) | Good pace (31.1 shots/game) | BUF cold | UTA neutral | Strong buffer (2.7 goals) | BUF 4 days rest | UTA 3 days rest,2025-11-13 02:10:00+00:00,2025-11-13_Buffalo Sabres @ Utah Mammoth,2025-11-13,7,WIN
Winnipeg Jets @ Vancouver Canucks,2025-11-11 22:10:00-05:00,3.5,-775,65,YES,False,No elite goalie concerns,BET IT,0.03,Strong offense (3.13 GPG) | Good pace (31.3 shots/game) | WPG cold | VAN neutral | Strong buffer (2.8 goals) | WPG 2 days rest | VAN 2 days rest,2025-11-12 03:10:00+00:00,2025-11-12_Winnipeg Jets @ Vancouver Canucks,2025-11-12,8,WIN
Los Angeles Kings @ Ottawa Senators,2025-11-15 19:00:00-05:00,3.5,-600,65,YES,False,No elite goalie concerns,BET IT,0.03,Average offense (3.01 GPG) | Good pace (30.1 shots/game) | LAK neutral | OTT hot | Strong buffer (2.5 goals) | LAK 2 days rest | OTT 2 days rest,2025-11-16 00:00:00+00:00,2025-11-16_Los Angeles Kings @ Ottawa Senators,2025-11-16,1,LOSS
New York Islanders @ Colorado Avalanche,2025-11-16 21:10:00-05:00,3.5,-1050,65,YES,False,No elite goalie concerns,BET IT,0.03,Average offense (3.05 GPG) | Good pace (30.5 shots/game) | NYI neutral | COL hot | Strong buffer (2.6 goals) | NYI 2 days rest | COL 3 days rest,2025-11-17 02:10:00+00:00,2025-11-17_New York Islanders @ Colorado Avalanche,2025-11-17,5,WIN
St Louis Blues @ Toronto Maple Leafs,2025-11-18 19:00:00-05:00,3.5,-750,65,YES,True,"Anthony Stolarz (TOR) - 92.2% Sv%, 2.15 GAA",BET IT (consider half stake - elite goalie),0.03,Strong offense (3.18 GPG) | Good pace (31.8 shots/game) | STL cold | TOR neutral | Strong buffer (2.9 goals) | STL 2 days rest | TOR 2 days rest,2025-11-19 00:00:00+00:00,2025-11-19_St Louis Blues @ Toronto Maple Leafs,2025-11-19,5,WIN
Columbus Blue Jackets @ Winnipeg Jets,2025-11-18 20:00:00-05:00,3.5,-950,65,YES,False,No elite goalie concerns,BET IT,0.03,Strong offense (3.35 GPG) | Fast pace (33.5 shots/game) | CBJ cold | WPG cold | Strong buffer (3.2 goals) | CBJ back-to-back | WPG 2 days rest,2025-11-19 01:00:00+00:00,2025-11-19_Columbus Blue Jackets @ Winnipeg Jets,2025-11-19,7,WIN
Toronto Maple Leafs @ Chicago Blackhawks,2025-11-15 19:00:00-05:00,3.5,-935,64,NO,True,"Anthony Stolarz (TOR) - 92.2% Sv%, 2.15 GAA",SKIP,0.0,Average offense (3.01 GPG) | Good pace (30.1 shots/game) | TOR warm | CHI warm | Strong buffer (2.5 goals) | TOR 2 days rest | CHI 3 days rest,2025-11-16 00:00:00+00:00,2025-11-16_Toronto Maple Leafs @ Chicago Blackhawks,2025-11-16,,PENDING
Columbus Blue Jackets @ Seattle Kraken,2025-11-11 22:10:00-05:00,3.5,-900,63,NO,False,No elite goalie concerns,SKIP,0.0,Strong offense (3.17 GPG) | Good pace (31.7 shots/game) | CBJ neutral | SEA cold | Strong buffer (2.8 goals) | CBJ 1 day rest | SEA 2 days rest,2025-11-12 03:10:00+00:00,2025-11-12_Columbus Blue Jackets @ Seattle Kraken,2025-11-12,,PENDING
Winnipeg Jets @ Seattle Kraken,2025-11-13 22:10:00-05:00,3.5,-700,62,NO,False,No elite goalie concerns,SKIP,0.0,Strong offense (3.20 GPG) | Good pace (32.0 shots/game) | WPG cold | SEA cold | Strong buffer (2.9 goals) | WPG 2 days rest | SEA 2 days rest,2025-11-14 03:10:00+00:00,2025-11-14_Winnipeg Jets @ Seattle Kraken,2025-11-14,,PENDING
Boston Bruins @ Ottawa Senators,2025-11-13 19:10:00-05:00,3.5,-850,61,NO,False,No elite goalie concerns,SKIP,0.0,Average offense (2.84 GPG) | Average pace (28.4 shots/game) | BOS hot | OTT warm | Strong buffer (2.2 goals) | BOS 2 days rest | OTT 2 days rest,2025-11-14 00:10:00+00:00,2025-11-14_Boston Bruins @ Ottawa Senators,2025-11-14,,PENDING
Vancouver Canucks @ Carolina Hurricanes,2025-11-14 19:10:00-05:00,3.5,-1050,58,NO,False,No elite goalie concerns,SKIP,0.0,Average offense (3.06 GPG) | Good pace (30.6 shots/game) | VAN neutral | CAR neutral | Strong buffer (2.6 goals) | VAN 3 days rest | CAR 3 days rest,2025-11-15 00:10:00+00:00,2025-11-15_Vancouver Canucks @ Carolina Hurricanes,2025-11-15,,PENDING
Utah Mammoth @ Anaheim Ducks,2025-11-17 22:10:00-05:00,3.5,-1050,58,NO,False,No elite goalie concerns,SKIP,0.0,Average offense (2.82 GPG) | Average pace (28.2 shots/game) | UTA neutral | ANA hot | Strong buffer (2.1 goals) | UTA 3 days rest | ANA 2 days rest,2025-11-18 03:10:00+00:00,2025-11-18_Utah Mammoth @ Anaheim Ducks,2025-11-18,,PENDING
Edmonton Oilers @ Philadelphia Flyers,2025-11-12 19:40:00-05:00,3.5,-725,58,NO,False,No elite goalie concerns,SKIP,0.0,Average offense (3.03 GPG) | Good pace (30.3 shots/game) | EDM neutral | PHI neutral | Strong buffer (2.6 goals) | EDM 2 days rest | PHI 4 days rest,2025-11-13 00:40:00+00:00,2025-11-13_Edmonton Oilers @ Philadelphia Flyers,2025-11-13,,PENDING
New Jersey Devils @ Florida Panthers,2025-11-20 19:10:00-05:00,3.5,-725,58,NO,False,No elite goalie concerns,SKIP,0.0,Average offense (3.01 GPG) | Good pace (30.1 shots/game) | NJD cold | FLA warm | Strong buffer (2.5 goals) | NJD 2 days rest | FLA 3 days rest,2025-11-21 00:10:00+00:00,2025-11-21_New Jersey Devils @ Florida Panthers,2025-11-21,,PENDING
Los Angeles Kings @ Montréal Canadiens,2025-11-11 19:10:00-05:00,3.5,-750,58,NO,False,No elite goalie concerns,SKIP,0.0,Average offense (3.02 GPG) | Good pace (30.2 shots/game) | LAK cold | MTL warm | Strong buffer (2.5 goals) | LAK 2 days rest | MTL 3 days rest,2025-11-12 00:10:00+00:00,2025-11-12_Los Angeles Kings @ Montréal Canadiens,2025-11-12,,PENDING
Carolina Hurricanes @ Minnesota Wild,2025-11-19 21:30:00-05:00,3.5,-850,58,NO,False,No elite goalie concerns,SKIP,0.0,Average offense (3.01 GPG) | Good pace (30.1 shots/game) | CAR neutral | MIN neutral | Strong buffer (2.5 goals) | CAR 2 days rest | MIN 3 days rest,2025-11-20 02:30:00+00:00,2025-11-20_Carolina Hurricanes @ Minnesota Wild,2025-11-20,,PENDING
Ottawa Senators @ Anaheim Ducks,2025-11-20 22:10:00-05:00,3.5,-900,56,NO,False,No elite goalie concerns,SKIP,0.0,Average offense (2.83 GPG) | Average pace (28.3 shots/game) | OTT neutral | ANA hot | Strong buffer (2.2 goals) | OTT 5 days rest | ANA 1 day rest,2025-11-21 03:10:00+00:00,2025-11-21_Ottawa Senators @ Anaheim Ducks,2025-11-21,,PENDING
New York Islanders @ Dallas Stars,2025-11-18 20:00:00-05:00,3.5,-900,56,NO,False,No elite goalie concerns,SKIP,0.0,Average offense (3.05 GPG) | Good pace (30.5 shots/game) | NYI neutral | DAL neutral | Strong buffer (2.6 goals) | NYI 1 day rest | DAL 2 days rest,2025-11-19 01:00:00+00:00,2025-11-19_New York Islanders @ Dallas Stars,2025-11-19,,PENDING
Buffalo Sabres @ Detroit Red Wings,2025-11-15 19:00:00-05:00,3.5,-1050,55,NO,False,No elite goalie concerns,SKIP,0.0,Average offense (3.09 GPG) | Good pace (30.9 shots/game) | BUF cold | DET neutral | Strong buffer (2.7 goals) | BUF 2 days rest | DET 2 days rest,2025-11-16 00:00:00+00:00,2025-11-16_Buffalo Sabres @ Detroit Red Wings,2025-11-16,,PENDING
Seattle Kraken @ Chicago Blackhawks,2025-11-20 20:10:00-05:00,3.5,-675,55,NO,False,No elite goalie concerns,SKIP,0.0,Average offense (2.88 GPG) | Average pace (28.8 shots/game) | SEA cold | CHI hot | Strong buffer (2.3 goals) | SEA 2 days rest | CHI 2 days rest,2025-11-21 01:10:00+00:00,2025-11-21_Seattle Kraken @ Chicago Blackhawks,2025-11-21,,PENDING
Boston Bruins @ Montréal Canadiens,2025-11-15 19:00:00-05:00,3.5,-935,54,NO,False,No elite goalie concerns,SKIP,0.0,Average offense (2.85 GPG) | Average pace (28.5 shots/game) | BOS warm | MTL neutral | Strong buffer (2.2 goals) | BOS 2 days rest | MTL 2 days rest,2025-11-16 00:00:00+00:00,2025-11-16_Boston Bruins @ Montréal Canadiens,2025-11-16,,PENDING
Toronto Maple Leafs @ Boston Bruins,2025-11-11 19:10:00-05:00,3.5,-975,54,NO,True,"Anthony Stolarz (TOR) - 92.2% Sv%, 2.15 GAA",SKIP,0.0,Average offense (2.99 GPG) | Average pace (29.9 shots/game) | TOR neutral | BOS warm | Strong buffer (2.5 goals) | TOR 2 days rest | BOS 3 days rest,2025-11-12 00:10:00+00:00,2025-11-12_Toronto Maple Leafs @ Boston Bruins,2025-11-12,,PENDING
New Jersey Devils @ Chicago Blackhawks,2025-11-12 21:40:00-05:00,3.5,-875,54,NO,False,No elite goalie concerns,SKIP,0.0,Average offense (2.85 GPG) | Average pace (28.5 shots/game) | NJD neutral | CHI warm | Strong buffer (2.2 goals) | NJD 2 days rest | CHI 3 days rest,2025-11-13 02:40:00+00:00,2025-11-13_New Jersey Devils @ Chicago Blackhawks,2025-11-13,,PENDING
Carolina Hurricanes @ Boston Bruins,2025-11-17 19:10:00-05:00,3.5,-975,54,NO,False,No elite goalie concerns,SKIP,0.0,Average offense (2.98 GPG) | Average pace (29.8 shots/game) | CAR neutral | BOS warm | Strong buffer (2.5 goals) | CAR 2 days rest | BOS 2 days rest,2025-11-18 00:10:00+00:00,2025-11-18_Carolina Hurricanes @ Boston Bruins,2025-11-18,,PENDING
Winnipeg Jets @ Calgary Flames,2025-11-15 22:00:00-05:00,3.5,-700,52,NO,False,No elite goalie concerns,SKIP,0.0,Average offense (3.06 GPG) | Good pace (30.6 shots/game) | WPG cold | CGY cold | Strong buffer (2.6 goals) | WPG 2 days rest | CGY 2 days rest,2025-11-16 03:00:00+00:00,2025-11-16_Winnipeg Jets @ Calgary Flames,2025-11-16,,PENDING
St Louis Blues @ Philadelphia Flyers,2025-11-20 19:10:00-05:00,3.5,-600,52,NO,False,No elite goalie concerns,SKIP,0.0,Average offense (3.00 GPG) | Good pace (30.0 shots/game) | STL cold | PHI cold | Strong buffer (2.5 goals) | STL 2 days rest | PHI 5 days rest,2025-11-21 00:10:00+00:00,2025-11-21_St Louis Blues @ Philadelphia Flyers,2025-11-21,,PENDING
Philadelphia Flyers @ St Louis Blues,2025-11-14 20:10:00-05:00,3.5,-630,52,NO,False,No elite goalie concerns,SKIP,0.0,Average offense (3.00 GPG) | Good pace (30.0 shots/game) | PHI cold | STL cold | Strong buffer (2.5 goals) | PHI 2 days rest | STL 3 days rest,2025-11-15 01:10:00+00:00,2025-11-15_Philadelphia Flyers @ St Louis Blues,2025-11-15,,PENDING
New York Islanders @ Utah Mammoth,2025-11-14 21:10:00-05:00,3.5,-1150,52,NO,False,No elite goalie concerns,SKIP,0.0,Average offense (2.84 GPG) | Average pace (28.4 shots/game) | NYI neutral | UTA warm | Strong buffer (2.2 goals) | NYI 1 day rest | UTA 2 days rest,2025-11-15 02:10:00+00:00,2025-11-15_New York Islanders @ Utah Mammoth,2025-11-15,,PENDING
Detroit Red Wings @ New York Rangers,2025-11-16 19:10:00-05:00,3.5,-875,51,NO,False,No elite goalie concerns,SKIP,0.0,Average offense (3.01 GPG) | Good pace (30.1 shots/game) | DET neutral | NYR cold | Strong buffer (2.5 goals) | DET 1 day rest | NYR 1 day rest,2025-11-17 00:10:00+00:00,2025-11-17_Detroit Red Wings @ New York Rangers,2025-11-17,,PENDING
Calgary Flames @ Buffalo Sabres,2025-11-19 19:30:00-05:00,3.5,-875,50,NO,False,No elite goalie concerns,SKIP,0.0,Average offense (3.01 GPG) | Good pace (30.1 shots/game) | CGY cold | BUF cold | Strong buffer (2.5 goals) | CGY 1 day rest | BUF 2 days rest,2025-11-20 00:30:00+00:00,2025-11-20_Calgary Flames @ Buffalo Sabres,2025-11-20,,PENDING
Vancouver Canucks @ Florida Panthers,2025-11-17 19:10:00-05:00,3.5,-935,49,NO,False,No elite goalie concerns,SKIP,0.0,Average offense (2.98 GPG) | Average pace (29.8 shots/game) | VAN neutral | FLA neutral | Strong buffer (2.5 goals) | VAN 1 day rest | FLA 2 days rest,2025-11-18 00:10:00+00:00,2025-11-18_Vancouver Canucks @ Florida Panthers,2025-11-18,,PENDING
New York Islanders @ Detroit Red Wings,2025-11-20 19:10:00-05:00,3.5,-850,48,NO,False,No elite goalie concerns,SKIP,0.0,Average offense (2.82 GPG) | Average pace (28.2 shots/game) | NYI neutral | DET cold | Strong buffer (2.1 goals) | NYI 2 days rest | DET 2 days rest,2025-11-21 00:10:00+00:00,2025-11-21_New York Islanders @ Detroit Red Wings,2025-11-21,,PENDING
Los Angeles Kings @ San Jose Sharks,2025-11-20 22:10:00-05:00,3.5,-675,48,NO,False,No elite goalie concerns,SKIP,0.0,Average offense (2.80 GPG) | Average pace (28.0 shots/game) | LAK cold | SJS neutral | Strong buffer (2.1 goals) | LAK 3 days rest | SJS 2 days rest,2025-11-21 03:10:00+00:00,2025-11-21_Los Angeles Kings @ San Jose Sharks,2025-11-21,,PENDING
Calgary Flames @ St Louis Blues,2025-11-11 20:10:00-05:00,3.5,-725,45,NO,False,No elite goalie concerns,SKIP,0.0,Average offense (2.92 GPG) | Average pace (29.2 shots/game) | CGY cold | STL cold | Strong buffer (2.3 goals) | CGY 2 days rest | STL 3 days rest,2025-11-12 01:10:00+00:00,2025-11-12_Calgary Flames @ St Louis Blues,2025-11-12,,PENDING
Seattle Kraken @ Detroit Red Wings,2025-11-18 19:00:00-05:00,3.5,-775,43,NO,False,No elite goalie concerns,SKIP,0.0,Average offense (2.96 GPG) | Average pace (29.6 shots/game) | SEA cold | DET cold | Strong buffer (2.4 goals) | SEA 2 days rest | DET 1 day rest,2025-11-19 00:00:00+00:00,2025-11-19_Seattle Kraken @ Detroit Red Wings,2025-11-19,,PENDING
Boston Bruins @ Anaheim Ducks,2025-11-19 22:00:00-05:00,3.5,-1050,36,NO,False,No elite goalie concerns,SKIP,0.0,Weak offense (2.70 GPG) | Slow pace (27.0 shots/game) | BOS warm | ANA hot | Good buffer (1.9 goals) | BOS 2 days rest | ANA 2 days rest,2025-11-20 03:00:00+00:00,2025-11-20_Boston Bruins @ Anaheim Ducks,2025-11-20,,PENDING
Anaheim Ducks @ Detroit Red Wings,2025-11-13 19:10:00-05:00,3.5,-1150,35,NO,False,No elite goalie concerns,SKIP,0.0,Weak offense (2.80 GPG) | Slow pace (28.0 shots/game) | ANA hot | DET cold | Strong buffer (2.1 goals) | ANA 2 days rest | DET 4 days rest,2025-11-14 00:10:00+00:00,2025-11-14_Anaheim Ducks @ Detroit Red Wings,2025-11-14,,PENDING
San Jose Sharks @ Minnesota Wild,2025-11-11 20:10:00-05:00,3.5,-1200,33,NO,False,No elite goalie concerns,SKIP,0.0,Weak offense (2.67 GPG) | Slow pace (26.7 shots/game) | SJS hot | MIN neutral | Good buffer (1.8 goals) | SJS 3 days rest | MIN 2 days rest,2025-11-12 01:10:00+00:00,2025-11-12_San Jose Sharks @ Minnesota Wild,2025-11-12,,PENDING
Anaheim Ducks @ Minnesota Wild,2025-11-15 18:00:00-05:00,3.5,-1050,33,NO,False,No elite goalie concerns,SKIP,0.0,Weak offense (2.74 GPG) | Slow pace (27.4 shots/game) | ANA hot | MIN neutral | Good buffer (2.0 goals) | ANA 2 days rest | MIN 4 days rest,2025-11-15 23:00:00+00:00,2025-11-15_Anaheim Ducks @ Minnesota Wild,2025-11-15,,PENDING
Calgary Flames @ Chicago Blackhawks,2025-11-18 20:30:00-05:00,3.5,-750,31,NO,False,No elite goalie concerns,SKIP,0.0,Weak offense (2.75 GPG) | Slow pace (27.5 shots/game) | CGY cold | CHI warm | Strong buffer (2.0 goals) | CGY 2 days rest | CHI 2 days rest,2025-11-19 01:30:00+00:00,2025-11-19_Calgary Flames @ Chicago Blackhawks,2025-11-19,,PENDING
Utah Mammoth @ San Jose Sharks,2025-11-18 22:00:00-05:00,3.5,-1000,31,NO,False,No elite goalie concerns,SKIP,0.0,Weak offense (2.75 GPG) | Slow pace (27.5 shots/game) | UTA neutral | SJS neutral | Strong buffer (2.0 goals) | UTA 3 days rest | SJS 2 days rest,2025-11-19 03:00:00+00:00,2025-11-19_Utah Mammoth @ San Jose Sharks,2025-11-19,,PENDING
San Jose Sharks @ Seattle Kraken,2025-11-15 22:00:00-05:00,3.5,-825,31,NO,False,No elite goalie concerns,SKIP,0.0,Weak offense (2.79 GPG) | Slow pace (27.9 shots/game) | SJS warm | SEA cold | Strong buffer (2.1 goals) | SJS 2 days rest | SEA 2 days rest,2025-11-16 03:00:00+00:00,2025-11-16_San Jose Sharks @ Seattle Kraken,2025-11-16,,PENDING
Pittsburgh Penguins @ Nashville Predators,2025-11-14 14:15:00-05:00,3.5,-920,31,NO,False,No elite goalie concerns,SKIP,0.0,Weak offense (2.79 GPG) | Slow pace (27.9 shots/game) | PIT neutral | NSH neutral | Strong buffer (2.1 goals) | PIT 5 days rest | NSH 4 days rest,2025-11-14 19:15:00+00:00,2025-11-14_Pittsburgh Penguins @ Nashville Predators,2025-11-14,,PENDING
Nashville Predators @ Pittsburgh Penguins,2025-11-16 09:15:00-05:00,3.5,-825,28,NO,False,No elite goalie concerns,SKIP,0.0,Weak offense (2.79 GPG) | Slow pace (27.9 shots/game) | NSH cold | PIT neutral | Strong buffer (2.1 goals) | NSH 2 days rest | PIT 2 days rest,2025-11-16 14:15:00+00:00,2025-11-16_Nashville Predators @ Pittsburgh Penguins,2025-11-16,,PENDING
San Jose Sharks @ Calgary Flames,2025-11-13 21:10:00-05:00,3.5,-900,26,NO,False,No elite goalie concerns,SKIP,0.0,Weak offense (2.65 GPG) | Slow pace (26.5 shots/game) | SJS warm | CGY cold | Good buffer (1.8 goals) | SJS 2 days rest | CGY 2 days rest,2025-11-14 02:10:00+00:00,2025-11-14_San Jose Sharks @ Calgary Flames,2025-11-14,,PENDING
New York Islanders @ Vegas Golden Knights,2025-11-13 22:10:00-05:00,3.5,-950,16,NO,True,"Akira Schmid (VGK) - 94.9% Sv%, 1.17 GAA",SKIP,0.0,Missing team stats | Missing team stats | NYI warm | VGK no stats | Missing team stats | NYI 3 days rest | VGK 3 days rest,2025-11-14 03:10:00+00:00,2025-11-14_New York Islanders @ Vegas Golden Knights,2025-11-14,,PENDING
Vegas Golden Knights @ Utah Mammoth,2025-11-20 21:10:00-05:00,3.5,-900,10,NO,True,"Akira Schmid (VGK) - 94.9% Sv%, 1.17 GAA",SKIP,0.0,Missing team stats | Missing team stats | VGK no stats | UTA cold | Missing team stats | VGK 2 days rest | UTA 2 days rest,2025-11-21 02:10:00+00:00,2025-11-21_Vegas Golden Knights @ Utah Mammoth,2025-11-21,,PENDING
Vegas Golden Knights @ Minnesota Wild,2025-11-16 18:10:00-05:00,3.5,-875,9,NO,True,"Akira Schmid (VGK) - 94.9% Sv%, 1.17 GAA",SKIP,0.0,Missing team stats | Missing team stats | VGK no stats | MIN neutral | Missing team stats | VGK 1 day rest | MIN 1 day rest,2025-11-16 23:10:00+00:00,2025-11-16_Vegas Golden Knights @ Minnesota Wild,2025-11-16,,PENDING
Vegas Golden Knights @ St Louis Blues,2025-11-15 20:00:00-05:00,3.5,-825,8,NO,True,"Akira Schmid (VGK) - 94.9% Sv%, 1.17 GAA",SKIP,0.0,Missing team stats | Missing team stats | VGK no stats | STL cold | Missing team stats | VGK 2 days rest | STL 1 day rest,2025-11-16 01:00:00+00:00,2025-11-16_Vegas Golden Knights @ St Louis Blues,2025-11-16,,PENDING
New York Rangers @ Vegas Golden Knights,2025-11-18 22:00:00-05:00,3.5,-750,6,NO,True,"Akira Schmid (VGK) - 94.9% Sv%, 1.17 GAA",SKIP,0.0,Missing team stats | Missing team stats | NYR cold | VGK no stats | Missing team stats | NYR 1 day rest | VGK 1 day rest,2025-11-19 03:00:00+00:00,2025-11-19_New York Rangers @ Vegas Golden Knights,2025-11-19,,PENDING
